{
  "project_info": {
    "project_number": "5054513034",
    "project_id": "super-filmes-6c8e8",
    "storage_bucket": "super-filmes-6c8e8.appspot.com"
  },
  "client": [
    {
      "client_info": {
        "mobilesdk_app_id": "1:5054513034:android:ef2b739108d0d80d899273",
        "android_client_info": {
          "package_name": "com.example.superfilmes"
        }
      },
      "oauth_client": [
        {
          "client_id": "5054513034-tn7b24pn7kdr3e0ctfac5sim62mfpoth.apps.googleusercontent.com",
          "client_type": 3
        }
      ],
      "api_key": [
        {
          "current_key": "AIzaSyDkbRBbKDEAY7nZef5tx4Y4V7fO410ulwI"
        }
      ],
      "services": {
        "appinvite_service": {
          "other_platform_oauth_client": [
            {
              "client_id": "5054513034-tn7b24pn7kdr3e0ctfac5sim62mfpoth.apps.googleusercontent.com",
              "client_type": 3
            }
          ]
        }
      }
    }
  ],
  "configuration_version": "1"
}